m,rho_TG,spectral_stage_difference,rho_eff,cycles,status
1,0.9998295575,1.19169e-06,0.9998297914,12000,slow-limit
2,0.9997945283,4.41395e-06,0.9998035237,12000,slow-limit
3,0.9997303921,1.06612e-07,0.9997440940,12000,slow-limit
4,0.9995650024,1.49976e-11,0.9995979519,12000,slow-limit
5,0.9990451048,3.59712e-14,0.9991172207,12000,slow-limit
6,0.9982956733,7.32747e-15,0.9984329397,8810,converged
7,0.9971293889,0.00000e+00,0.9974094278,5327,converged
8,0.9945892176,0.00000e+00,0.9951468227,2840,converged
9,0.9952175867,0.00000e+00,0.9954997070,3064,converged
10,0.9959919661,8.23785e-14,0.9962039986,3633,converged
11,0.9960408398,3.77476e-15,0.9962996457,3727,converged
12,0.9949565141,1.55431e-15,0.9953586169,2970,converged
13,0.9947029111,2.62013e-14,0.9941938777,2373,converged
14,0.9955958214,8.32667e-14,0.9956865540,3197,converged
15,0.9956587193,6.66134e-16,0.9958792094,3346,converged
16,0.9964374884,0.00000e+00,0.9965899843,4045,converged
17,0.9962874664,8.23785e-14,0.9964501866,3885,converged
18,0.9955906593,0.00000e+00,0.9958056912,3288,converged
19,0.9942323557,6.66134e-16,0.9945560112,2531,converged
20,0.9921002689,1.33227e-15,0.9926097316,1863,converged
21,0.9896997516,2.31148e-13,0.9904382279,1438,converged
22,0.9867679391,0.00000e+00,0.9877963010,1126,converged
23,0.9844174922,2.95985e-13,0.9856736967,958,converged
24,0.9824107428,9.63674e-14,0.9838422344,849,converged
25,0.9798059667,8.88178e-16,0.9814675994,739,converged
26,0.9763729622,1.77636e-15,0.9783602173,632,converged
27,0.9723177042,5.83977e-14,0.9747083496,540,converged
28,0.9688470745,2.88658e-14,0.9716238228,480,converged
29,0.9647917491,1.32783e-13,0.9680610456,426,converged
30,0.9592601265,7.10543e-15,0.9632151073,369,converged
31,0.9570345414,1.03695e-13,0.9613330968,351,converged
32,0.9578397816,4.84057e-14,0.9621309107,358,converged
33,0.9592986169,0.00000e+00,0.9633919766,371,converged
34,0.9590541106,2.44249e-15,0.9631240829,368,converged
35,0.9543420175,6.66134e-16,0.9589195585,330,converged
36,0.9493862032,1.33227e-15,0.9509131624,275,converged
37,0.9495514981,2.22045e-16,0.9472272320,255,converged
38,0.9496036518,0.00000e+00,0.9456414106,248,converged
39,0.9496293619,4.44089e-16,0.9447580715,244,converged
40,0.9496422338,6.66134e-16,0.9444577847,242,converged
41,0.9496503377,1.77636e-15,0.9442625162,241,converged
42,0.9496614863,0.00000e+00,0.9438926406,240,converged
43,0.9496826519,4.44089e-16,0.9431693055,237,converged
44,0.9497039590,0.00000e+00,0.9422581480,233,converged
45,0.9497126663,6.66134e-16,0.9413493246,229,converged
46,0.9497129680,0.00000e+00,0.9413298303,229,converged
47,0.9501042482,0.00000e+00,0.9459555317,249,converged
48,0.9497073650,0.00000e+00,0.9465811576,252,converged
49,0.9497055032,8.88178e-16,0.9439598760,240,converged
50,0.9497076260,1.11022e-15,0.9423924008,233,converged
51,0.9497136017,0.00000e+00,0.9414777501,230,converged
52,0.9497240989,0.00000e+00,0.9410560854,228,converged
53,0.9497349409,0.00000e+00,0.9410121289,228,converged
54,0.9497463725,0.00000e+00,0.9412748326,229,converged
55,0.9497566626,0.00000e+00,0.9418942765,231,converged
56,0.9497653360,0.00000e+00,0.9428970892,235,converged
57,0.9497718601,0.00000e+00,0.9439276207,240,converged
58,0.9497757715,0.00000e+00,0.9448475595,244,converged
59,0.9497781212,8.88178e-16,0.9468074380,253,converged
60,0.9497845553,8.77076e-14,0.9501887750,271,converged
61,0.9525219667,6.66134e-16,0.9542953084,296,converged
62,0.9575202902,2.22045e-16,0.9586872183,328,converged
63,0.9623271667,1.77636e-15,0.9629982381,367,converged
64,0.9666629519,0.00000e+00,0.9669572782,412,converged
65,0.9704030383,0.00000e+00,0.9703997191,460,converged
66,0.9732371799,0.00000e+00,0.9729911102,505,converged
67,0.9753870073,2.22045e-16,0.9749491761,545,converged
68,0.9770859438,0.00000e+00,0.9764910496,581,converged
69,0.9784486394,1.33227e-15,0.9777179054,614,converged
70,0.9794530743,1.99840e-15,0.9785945626,639,converged
71,0.9802671452,0.00000e+00,0.9792916902,661,converged
72,0.9809868013,1.33227e-15,0.9798947818,681,converged
73,0.9816192724,4.44089e-16,0.9804098525,699,converged
74,0.9821387662,0.00000e+00,0.9808130037,714,converged
75,0.9825508206,0.00000e+00,0.9811015668,725,converged
76,0.9828895986,0.00000e+00,0.9813062849,733,converged
77,0.9831595305,0.00000e+00,0.9814252569,737,converged
78,0.9833665345,0.00000e+00,0.9814707862,739,converged
79,0.9835341254,4.44089e-16,0.9814508169,738,converged
80,0.9836687258,2.22045e-16,0.9813829519,736,converged
81,0.9837810463,0.00000e+00,0.9812908342,732,converged
82,0.9838707371,0.00000e+00,0.9811986124,728,converged
83,0.9839459365,0.00000e+00,0.9811067661,725,converged
84,0.9840098301,8.88178e-16,0.9810197267,721,converged
85,0.9840640245,1.55431e-15,0.9809339665,718,converged
86,0.9841097198,6.66134e-16,0.9808501440,715,converged
87,0.9841467095,0.00000e+00,0.9807951260,713,converged
88,0.9841792345,1.77636e-15,0.9807754415,712,converged
89,0.9842088637,0.00000e+00,0.9807988658,713,converged
90,0.9842329561,1.33227e-15,0.9808563887,715,converged
91,0.9842551025,1.55431e-15,0.9809388859,718,converged
92,0.9842746153,0.00000e+00,0.9810307585,722,converged
93,0.9842922250,2.66454e-15,0.9811291833,726,converged
94,0.9843080709,4.44089e-16,0.9812341146,730,converged
95,0.9843212697,1.33227e-15,0.9813411135,734,converged
96,0.9843321561,1.33227e-15,0.9814420136,738,converged
97,0.9843407369,0.00000e+00,0.9815372871,742,converged
98,0.9843474377,0.00000e+00,0.9816224936,745,converged
99,0.9843526715,0.00000e+00,0.9816990240,748,converged
100,0.9843566623,0.00000e+00,0.9817680552,751,converged
101,0.9843600599,2.22045e-16,0.9818316276,754,converged
102,0.9843626651,0.00000e+00,0.9818843488,756,converged
103,0.9843647736,0.00000e+00,0.9819299579,758,converged
104,0.9843664324,6.66134e-16,0.9819691640,760,converged
105,0.9843675613,1.33227e-15,0.9820017231,761,converged
106,0.9843682469,0.00000e+00,0.9820291505,762,converged
107,0.9843685885,4.44089e-16,0.9820520763,763,converged
108,0.9843687576,0.00000e+00,0.9820702385,764,converged
109,0.9843688508,1.11022e-15,0.9820855460,765,converged
110,0.9843688744,2.22045e-15,0.9820957554,765,converged
111,0.9843688064,1.11022e-15,0.9821064518,766,converged
112,0.9843687079,1.11022e-15,0.9821133646,766,converged
113,0.9843686128,1.33227e-15,0.9821192151,766,converged
114,0.9843685259,0.00000e+00,0.9821243772,766,converged
115,0.9843684410,0.00000e+00,0.9821312687,767,converged
116,0.9843683394,6.66134e-16,0.9821352382,767,converged
117,0.9843682191,1.77636e-15,0.9821386700,767,converged
118,0.9843680948,2.22045e-16,0.9821416354,767,converged
119,0.9843679909,0.00000e+00,0.9821442609,767,converged
120,0.9843679018,6.66134e-16,0.9821464131,767,converged
121,0.9843678340,0.00000e+00,0.9821482372,767,converged
122,0.9843677833,0.00000e+00,0.9821521497,768,converged
123,0.9843677465,0.00000e+00,0.9821534061,768,converged
124,0.9843677209,1.11022e-15,0.9821544924,768,converged
125,0.9843676983,0.00000e+00,0.9821554481,768,converged
126,0.9843676764,1.11022e-15,0.9821563493,768,converged
127,0.9843676576,0.00000e+00,0.9821572208,768,converged
128,0.9843676426,0.00000e+00,0.9821579970,768,converged
